from,to
/products,https://rbcweb.github.io/robocore-hk-website/products.html
/solutions,https://rbcweb.github.io/robocore-hk-website/solutions.html
/temifamily,https://rbcweb.github.io/robocore-hk-website/temifamily.html
/temiv3,https://rbcweb.github.io/robocore-hk-website/temiv3.html
/temigo,https://rbcweb.github.io/robocore-hk-website/temigo.html
/temigopro,https://rbcweb.github.io/robocore-hk-website/temigopro.html
/temiplatform,https://rbcweb.github.io/robocore-hk-website/temiplatform.html
/blackjack,https://rbcweb.github.io/robocore-hk-website/blackjack.html
/fourcast,https://rbcweb.github.io/robocore-hk-website/fourcast.html
/zpine,https://rbcweb.github.io/robocore-hk-website/zpine.html
/liftmodule,https://rbcweb.github.io/robocore-hk-website/liftmodule.html
/pudu,https://rbcweb.github.io/robocore-hk-website/pudu.html
/contactus,https://rbcweb.github.io/robocore-hk-website/contactus.html
/joinus,https://rbcweb.github.io/robocore-hk-website/joinus.html
/news,https://rbcweb.github.io/robocore-hk-website/news.html
/temiwarranty,https://rbcweb.github.io/robocore-hk-website/temiwarranty.html
